insert into roles(id, name) values (1, 'USER')
insert into roles(id, name) values (2, 'MANAGER')
insert into roles(id, name) values (3, 'ADMIN')
insert into roles(id, name) values (4, 'SUPER_ADMIN')
insert into user_data (id, email, full_name, password) values ('fc2dff64-4ccb-4c71-9ef5-4bd9fb628f14','cclampe0@economist.com', 'Claybourne Clampe', 'DPmySioRuUT');
insert into user_data (id, email, full_name, password) values ('47516273-07ea-4307-9413-ae7df6e3e21e','jde1@constantcontact.com', 'Jeanelle De Brett', 'a6ChwN1nt5E2');
insert into user_data (id, email, full_name, password) values ('e24a82bf-6f04-4602-8ecf-fb9ac9662832','cglas2@boston.com', 'Chandler Glas', 'PWTxWC5RsUd');
insert into user_data (id, email, full_name, password) values ('c5dc72db-bd3a-48ad-8bc8-94bf7efe6e21','nfarndale3@nba.com', 'Neala Farndale', 'ruQyCpipA0j');
insert into user_data (id, email, full_name, password) values ('ffcdcf94-ad65-4f5a-8a8a-d2e74aef5049','pniessen4@archive.org', 'Penny Niessen', 'H1t9KRwftD70');
insert into user_data (id, email, full_name, password) values ('3e76af43-3276-4efe-801d-a9970476bc79','neadmeads5@sun.com', 'Nolana Eadmeads', 'zAKFxuQt3D');
insert into user_data (id, email, full_name, password) values ('10339b6f-fdfb-49ed-82ab-e27f7c515be4','kcotgrove6@tinypic.com', 'Kort Cotgrove', '9vmH0M8s9');
insert into user_data (id, email, full_name, password) values ('df28b9f3-4f41-4b1e-a1c3-c8a56f2bae1e','tarmatidge7@miitbeian.gov.cn', 'Tedie Armatidge', 'fSDyhF2n');
insert into user_data (id, email, full_name, password) values ('377ce5e0-8748-4654-8b4c-496c59d1bd5d','nvarcoe8@home.pl', 'Normand Varcoe', 'x72zSyas');
insert into user_data (id, email, full_name, password) values ('d95d0966-6ac5-441a-a645-a198e60e90c9','rmoresby9@cargocollective.com', 'Rania Moresby', 'tSyvZzohje');
insert into user_data_roles(roles_id, user_id) values (1, 'fc2dff64-4ccb-4c71-9ef5-4bd9fb628f14')
insert into user_data_roles(roles_id, user_id) values (1, '47516273-07ea-4307-9413-ae7df6e3e21e')
insert into user_data_roles(roles_id, user_id) values (3, '47516273-07ea-4307-9413-ae7df6e3e21e')
insert into user_data_roles(roles_id, user_id) values (4, '47516273-07ea-4307-9413-ae7df6e3e21e')
insert into user_data_roles(roles_id, user_id) values (1, 'e24a82bf-6f04-4602-8ecf-fb9ac9662832')
insert into user_data_roles(roles_id, user_id) values (1, 'c5dc72db-bd3a-48ad-8bc8-94bf7efe6e21')
insert into user_data_roles(roles_id, user_id) values (1, 'ffcdcf94-ad65-4f5a-8a8a-d2e74aef5049')
insert into user_data_roles(roles_id, user_id) values (1, '3e76af43-3276-4efe-801d-a9970476bc79')
insert into user_data_roles(roles_id, user_id) values (1, '10339b6f-fdfb-49ed-82ab-e27f7c515be4')
insert into user_data_roles(roles_id, user_id) values (2, '10339b6f-fdfb-49ed-82ab-e27f7c515be4')
insert into user_data_roles(roles_id, user_id) values (1, 'df28b9f3-4f41-4b1e-a1c3-c8a56f2bae1e')
insert into user_data_roles(roles_id, user_id) values (1, '377ce5e0-8748-4654-8b4c-496c59d1bd5d')
insert into user_data_roles(roles_id, user_id) values (1, 'd95d0966-6ac5-441a-a645-a198e60e90c9')
